,h3_id
0,842e605ffffffff
1,842e60dffffffff
2,842e66bffffffff
3,842e081ffffffff
4,842e085ffffffff
5,842e08dffffffff
6,842e089ffffffff
7,842e0c3ffffffff
8,842e0a1ffffffff
9,842e0a9ffffffff
10,842e0abffffffff
11,842e0e7ffffffff
12,842e0adffffffff
13,842e1d3ffffffff
14,842f5a1ffffffff
15,842f585ffffffff
16,842f5adffffffff
17,842f5a9ffffffff
18,844b61dffffffff
19,844b657ffffffff
20,844b653ffffffff
21,842e635ffffffff
22,842e623ffffffff
23,842e63dffffffff
24,842e63bffffffff
25,844b64dffffffff
26,842e2b3ffffffff
27,842e295ffffffff
28,842e76dffffffff
29,842e2b9ffffffff
30,842e2bbffffffff
31,842e769ffffffff
32,842e76bffffffff
33,842e297ffffffff
34,842e291ffffffff
35,842e663ffffffff
36,842e629ffffffff
37,842e625ffffffff
38,842e607ffffffff
39,842e62dffffffff
40,842e621ffffffff
41,842e753ffffffff
42,842e62bffffffff
43,842e747ffffffff
44,842e743ffffffff
45,842e741ffffffff
46,842e749ffffffff
47,842e74bffffffff
48,842e691ffffffff
49,842e6d7ffffffff
50,8430cb3ffffffff
51,842e69bffffffff
52,842e693ffffffff
53,842e699ffffffff
54,842e695ffffffff
55,842e69dffffffff
56,842ea9bffffffff
57,842e1a7ffffffff
58,842ead3ffffffff
59,842e193ffffffff
60,842eacbffffffff
61,842e1a5ffffffff
62,842e1bdffffffff
63,842ea99ffffffff
64,842ea97ffffffff
65,842ef4dffffffff
66,842e1a1ffffffff
67,842ef45ffffffff
68,842e191ffffffff
69,842e135ffffffff
70,842ef6dffffffff
71,842e1a9ffffffff
72,842eadbffffffff
73,842ef61ffffffff
74,842ead7ffffffff
75,842ead9ffffffff
76,842e1b3ffffffff
77,842e1e7ffffffff
78,842ee4dffffffff
79,842e1a3ffffffff
80,842ea9dffffffff
81,842e1abffffffff
82,842ef69ffffffff
83,842ea93ffffffff
84,842e185ffffffff
85,842ea91ffffffff
86,842ee6dffffffff
87,842ead5ffffffff
88,842ead1ffffffff
89,842e1ebffffffff
90,842e1b1ffffffff
91,842ee61ffffffff
92,842ef59ffffffff
93,842eac3ffffffff
94,842e137ffffffff
95,842e1adffffffff
96,842ef49ffffffff
97,842e1bbffffffff
98,842e1e3ffffffff
99,842eaddffffffff
100,842e1b5ffffffff
101,842e1e5ffffffff
102,842ef67ffffffff
103,842ee69ffffffff
104,842e613ffffffff
105,842e6e9ffffffff
106,842e6ebffffffff
107,842e6e1ffffffff
108,842f5a5ffffffff
109,842f5a7ffffffff
110,842e627ffffffff
111,842e713ffffffff
112,842e717ffffffff
113,842e0e3ffffffff
114,842e0c1ffffffff
115,842e0e5ffffffff
116,842e013ffffffff
117,842e0e9ffffffff
118,842e0e1ffffffff
119,842e0ebffffffff
120,842e0c7ffffffff
121,842e0c5ffffffff
122,844b0b7ffffffff
123,844b757ffffffff
124,844b753ffffffff
125,844b70bffffffff
126,844b751ffffffff
127,844b719ffffffff
128,842f587ffffffff
129,842f5bdffffffff
130,842e6dbffffffff
131,844b619ffffffff
132,842e6d9ffffffff
133,844b611ffffffff
134,844b615ffffffff
135,844b75bffffffff
136,844b661ffffffff
137,844b66bffffffff
138,844b667ffffffff
139,844b669ffffffff
140,8430db3ffffffff
141,842e6edffffffff
142,842e617ffffffff
143,842e653ffffffff
144,842e657ffffffff
145,842e60bffffffff
146,842e0cbffffffff
147,842e0cdffffffff
148,842e2b1ffffffff
149,842e2b7ffffffff
150,842e2b5ffffffff
151,842e0c9ffffffff
152,844b62dffffffff
153,844b629ffffffff
154,844b625ffffffff
155,844b605ffffffff
156,844b663ffffffff
157,842e759ffffffff
158,842e757ffffffff
159,842e75dffffffff
160,842e667ffffffff
161,842e665ffffffff
162,842e709ffffffff
163,842e75bffffffff
164,842e755ffffffff
165,842e661ffffffff
166,842e751ffffffff
167,8430dbbffffffff
168,8430d95ffffffff
169,844b66dffffffff
170,8430d87ffffffff
171,8430ce5ffffffff
172,842e619ffffffff
173,844b6dbffffffff
174,842e61dffffffff
175,842e761ffffffff
176,842e70bffffffff
177,842e763ffffffff
178,842e0dbffffffff
179,842e70dffffffff
180,842e72bffffffff
181,842e767ffffffff
182,844b60dffffffff
183,844b645ffffffff
184,844b643ffffffff
185,844b647ffffffff
186,842e681ffffffff
187,842e683ffffffff
188,842e689ffffffff
189,842e68dffffffff
190,842e68bffffffff
191,842e611ffffffff
192,842e61bffffffff
193,8430d91ffffffff
194,8430d93ffffffff
195,842f5b7ffffffff
196,842f5b5ffffffff
197,842f5a3ffffffff
198,842e603ffffffff
199,842e639ffffffff
200,842e615ffffffff
201,842e6bbffffffff
202,842e6b9ffffffff
203,842e697ffffffff
204,842f5bbffffffff
205,842f595ffffffff
206,842e669ffffffff
207,842e66dffffffff
208,842e74dffffffff
209,842e29bffffffff
210,842e293ffffffff
211,842e745ffffffff
212,842e6ddffffffff
213,844b6c9ffffffff
214,842e6cbffffffff
215,842e687ffffffff
216,842e685ffffffff
217,842e6e3ffffffff
218,842e719ffffffff
219,842e71bffffffff
220,844b6d3ffffffff
221,844b6d1ffffffff
222,844b6d9ffffffff
223,842e0ddffffffff
224,842e0d9ffffffff
225,842e765ffffffff
226,842e0d5ffffffff
227,842e0d1ffffffff
228,8430cb1ffffffff
229,8430cb5ffffffff
230,8430cb7ffffffff
231,842f5b3ffffffff
232,842f5b1ffffffff
